match_id,comment_volume,upvote_total,goal_events,avg_sentiment,engagement_score_football_raw,excitement_index,match_hype_score,engagement_score_football_norm,fan_comment_count,weighted_comment_count,fan_avg_sentiment,fan_sentiment_volatility,positive_ratio,negative_ratio,peak_hour_count,unique_subreddits,volume_norm,affect_norm,volatility_norm,reach_norm,engagement_score_fans,engagement_score_combined
3773585,0,0,4,0.0,17.5,7.5,27.5,0.4444444444444444,14866,9094.699999999997,0.11693127942957082,0.49619311599927063,0.467375218619669,0.28898156868020985,3241,2,0.866678445563488,0.1470991782101103,0.6447030543999167,1.0,0.6806008997455708,0.5979461403901766
3773497,0,0,3,0.0,10.0,0.0,20.0,0.1111111111111111,17089,10491.899999999998,0.11522200245772135,0.4809601624445475,0.45971092515653345,0.2808239218210545,3275,2,1.0,0.1308655297951238,0.13305270907990913,1.0,0.609436283229002,0.43502247298774016
3773661,0,0,5,0.0,15.0,15.0,15.0,0.3333333333333333,9104,5462.399999999999,0.11936087434094902,0.5067710857396722,0.47078207381370824,0.29393673110720564,1122,1,0.3911049341029539,0.17017395791622061,1.0,0.0,0.4600320119295734,0.4156874744208893
3773597,0,0,7,0.0,30.0,30.0,30.0,1.0,7224,4347.899999999999,0.20673510520487265,0.4769988913220259,0.5276854928017719,0.21677740863787376,1253,2,0.17824475231989056,1.0,0.0,1.0,0.3802101385439508,0.597136590053568
3773477,0,0,7,0.0,30.0,30.0,30.0,1.0,6888,4162.549999999999,0.11922092044134727,0.48607488720868597,0.4648664343786295,0.28673054587688734,1482,2,0.13760849289987903,0.16884476291865222,0.30484806592827535,1.0,0.2719047908707448,0.5267381140659841
3773387,0,0,6,0.0,22.5,22.5,22.5,0.6666666666666666,11383,6829.799999999998,0.11101775454625319,0.5022073430965093,0.4661337081612932,0.29790037775630324,2229,1,0.5995074040618352,0.09093620086350716,0.8467112440842465,0.0,0.49964338302158895,0.5581015322973661
3773526,0,0,6,0.0,22.5,22.5,22.5,0.6666666666666666,5986,3591.5999999999995,0.17403367858336116,0.48101580170705477,0.4988306047444036,0.23772134981623788,1134,1,0.0,0.6894222111541752,0.1349215421839383,0.0,0.1716148277768196,0.34488297138826607
3773631,0,0,4,0.0,7.5,7.5,7.5,0.0,6466,3908.8499999999995,0.15697964738632847,0.48066734129238553,0.4862356944014847,0.2511599133931333,1247,2,0.0789522731792586,0.527453641361017,0.1232173187806845,1.0,0.27182358089804093,0.1766853275837266
3773695,0,0,5,0.0,15.0,15.0,15.0,0.3333333333333333,7008,4235.799999999999,0.10144287956621005,0.49773942467716215,0.4564783105022831,0.3050799086757991,1546,2,0.15388002005075485,0.0,0.6966410693208122,1.0,0.34340627635304277,0.33988074629614445
3773369,0,0,5,0.0,15.0,15.0,15.0,0.3333333333333333,7284,4370.4,0.15884747391543108,0.48766063496390527,0.49244920373421197,0.2506864360241626,863,1,0.18305934017072245,0.5451930947515506,0.3581107758573564,0.0,0.2809430159914743,0.299279627061125
