match_id,comment_count,weighted_comment_count,avg_sentiment,sentiment_volatility,positive_ratio,negative_ratio,peak_hour_count,unique_subreddits,volume_norm,affect_norm,volatility_norm,reach_norm,engagement_score
3773585,14866,9094.699999999997,0.11693127942957082,0.49619311599927063,0.467375218619669,0.28898156868020985,3241,2,0.866678445563488,0.1470991782101103,0.6447030543999167,1.0,0.6806008997455708
3773497,17089,10491.899999999998,0.11522200245772135,0.4809601624445475,0.45971092515653345,0.2808239218210545,3275,2,1.0,0.1308655297951238,0.13305270907990913,1.0,0.609436283229002
3773661,9104,5462.399999999999,0.11936087434094902,0.5067710857396722,0.47078207381370824,0.29393673110720564,1122,1,0.3911049341029539,0.17017395791622061,1.0,0.0,0.4600320119295734
3773597,7224,4347.899999999999,0.20673510520487265,0.4769988913220259,0.5276854928017719,0.21677740863787376,1253,2,0.17824475231989056,1.0,0.0,1.0,0.3802101385439508
3773477,6888,4162.549999999999,0.11922092044134727,0.48607488720868597,0.4648664343786295,0.28673054587688734,1482,2,0.13760849289987903,0.16884476291865222,0.30484806592827535,1.0,0.2719047908707448
3773387,11383,6829.799999999998,0.11101775454625318,0.5022088430629081,0.4661337081612932,0.29790037775630324,2229,1,0.5995074040618352,0.09093620086350704,0.8467616255367462,0.0,0.49965597838471376
3773526,5986,3591.5999999999995,0.17403367858336116,0.48101580170705477,0.4988306047444036,0.23772134981623788,1134,1,0.0,0.6894222111541752,0.1349215421839383,0.0,0.1716148277768196
3773631,6466,3908.8499999999995,0.15697964738632847,0.48066734129238553,0.4862356944014847,0.2511599133931333,1247,2,0.0789522731792586,0.527453641361017,0.1232173187806845,1.0,0.27182358089804093
3773695,7008,4235.799999999999,0.10144287956621005,0.49773942467716215,0.4564783105022831,0.3050799086757991,1546,2,0.15388002005075485,0.0,0.6966410693208122,1.0,0.34340627635304277
3773369,7284,4370.4,0.15881718835804504,0.48767734880627517,0.49244920373421197,0.25082372322899504,863,1,0.18305934017072245,0.5449054613844873,0.3586721668699044,0.0,0.28102583707119866
